ID;title;artist;year;audio_url
1;The Business;Tiësto;2020;audio/1.mp3
2;Of Monsters and Men - Little Talks (Carter Walsh Remix);NALYRO;2025;audio/2.mp3
3;No Broke Boys;Disco Lines;2025;audio/3.mp3
4;In My Mind;Dynoro;2018;audio/4.mp3
5;Animals;Martin Garrix;2013;audio/5.mp3
6;My House;Flo Rida;2015;audio/6.mp3
7;Down Under;Luude;2021;audio/7.mp3
8;Closer;The Chainsmokers;2016;audio/8.mp3
9;Hymn for the Weekend;Coldplay;2015;audio/9.mp3
10;More Than You Know;Axwell /\ Ingrosso;2017;audio/10.mp3
11;Work This Body;WALK THE MOON;2014;audio/11.mp3
12;Rude Boy;Rihanna;2009;audio/12.mp3
13;Girls Just Want to Have Fun;Cyndi Lauper;1983;audio/13.mp3
14;Addicted To You;Avicii;2013;audio/14.mp3
15;New Religion;Bebe Rexha;2026;audio/15.mp3
16;GIRL LIKE ME;Black Eyed Peas;2020;audio/16.mp3
17;Forget You;FAST BOY;2023;audio/17.mp3
18;Kids;MGMT;2007;audio/18.mp3
19;Dai Dai;Shakira;2026;audio/19.mp3
20;Titanium;David Guetta;2011;audio/20.mp3
21;Break Your Heart;Taio Cruz;2010;audio/21.mp3
22;Pitbull, Chris Brown - International Love X Taio Cruz, Ludacris - Break Your Heart (M?VO mashup);M?VO;2021;audio/22.mp3
23;BALLERN (3 FLASCHEN WODKA);Zensery;2025;audio/23.mp3
24;MR. MEYER;$OHO BANI;2023;audio/24.mp3
25;INZIDANCE;$OHO BANI;2022;audio/25.mp3
26;BASS IST GEIL;Filow;2026;audio/26.mp3
27;Man In Finance (G6 Trust Fund);Girl On Couch;2024;audio/27.mp3
28;WEISSER REDBULL;DJ TÖRKE;2026;audio/28.mp3
29;Bruttosozialprodukt 2025;NOISETIME;2025;audio/29.mp3
30;Sean Paul - She Doesn't Mind (Jesse Bloch Remix);Jesse Bloch;2018;audio/30.mp3
31;Spring;Mr. Polska;2026;audio/31.mp3
32;Eskalation;FiNCH ASOZiAL;2018;audio/32.mp3
33;EURODANCE;Tream;2023;audio/33.mp3
34;Gimme More;Britney Spears;2007;audio/34.mp3
35;KEiNE REGELN;FiNCH;2022;audio/35.mp3
36;MEIN SCHATZ;DJ TÖRKE;2026;audio/36.mp3
37;JAJA;TIEFBASSKOMMANDO;2025;audio/37.mp3
38;Roxana Tekk;AssiH;2025;audio/38.mp3
39;Stroboparty;nocashfromparents;2024;audio/39.mp3
40;Dreh Den Bass Auf;Ziegenmusik;2025;audio/40.mp3
41;Es gibt kein Koks in Lichtenberg;Crystal F;2025;audio/41.mp3
42;Nachbarn;Finch Asozial;2020;audio/42.mp3
43;Bass Addict (TiEF iN DER NACHT);District Red;2025;audio/43.mp3
44;Abfahrt (Anstandslos & Durchgeknallt Remix);FiNCH;2019;audio/44.mp3
45;3 Bier;Mehnersmoos;2024;audio/45.mp3
46;Con Calma;Daddy Yankee;2019;audio/46.mp3
47;I'm an Albatraoz;AronChupa & Little Sis Nora;2014;audio/47.mp3
48;NEVER STOP;FiNCH;2024;audio/48.mp3
49;Stacks102 & 102 Boyz - Matcha mit Schnaps (NOISETIME Tekk Remix);NIKSTER;2025;audio/49.mp3
50;Balada (Tché Tchéréré Tché);Collectif Métissé;2022;audio/50.mp3
51;So Oder So;Crystal F;2024;audio/51.mp3
52;GMKH;FiNCH;2024;audio/52.mp3
53;Cotton Eye Joe (Reloaded);Harris & Ford;2023;audio/53.mp3
54;Timber;Pitbull;2013;audio/54.mp3
55;CHAOS TAGE;TIEFBASSKOMMANDO;2025;audio/55.mp3
56;Nachteule;Mehnersmoos;2026;audio/56.mp3
57;Gas Gas;Goran Bregovic;2013;audio/57.mp3
58;Tokyo Drift;102 Boyz;2022;audio/58.mp3
59;Harte Drinks;LOKIMITDERMASKE;2025;audio/59.mp3
60;Pitbull;$ONO$ CLIQ;2025;audio/60.mp3
61;500 PS;Bonez MC;2018;audio/61.mp3
62;Mockingbird;Tiësto;2024;audio/62.mp3
63;Party Sahne;Ski Aggu;2022;audio/63.mp3
64;LEBENSLANG (HBz Remix);Tream;2024;audio/64.mp3
65;Jim Beam & Voddi;AK AUSSERKONTROLLE;2017;audio/65.mp3
66;G Wagon;Gzuz;2024;audio/66.mp3
67;Donuts;Gzuz;2020;audio/67.mp3
68;Palmen aus Plastik;Bonez MC;2016;audio/68.mp3
69;Kokain;Bonez MC;2018;audio/69.mp3
70;GOLDEN SZN;OGUZ;2021;audio/70.mp3
71;APRES SKI;Tream;2025;audio/71.mp3
72;Ich & meine Freunde;Die Atzen;2025;audio/72.mp3
73;Deine Augen;Tream;2023;audio/73.mp3
74;Extasy;187 Strassenbande;2021;audio/74.mp3
75;The Fate of Ophelia (Hardstyle);.exe;2025;audio/75.mp3
76;Hot N Cold (Techno);FEL!X;2024;audio/76.mp3
77;BASS KNALLT;LOKIMITDERMASKE;2025;audio/77.mp3
78;Bauchnabelpiercing (Remix);$ONO$ CLIQ;2024;audio/78.mp3
79;Späti;Gzuz;2021;audio/79.mp3
80;ATZENMODUS;BHZ;2021;audio/80.mp3
81;Atlantis (Edit);Netherworld;2025;audio/81.mp3
82;All the Things She Said (Noiseflow & Triple X Remix);DJ Gollum;2021;audio/82.mp3
83;MDMA;Little Sis Nora;2021;audio/83.mp3
84;Biertornado;PA69;2022;audio/84.mp3
85;HERZ MACHT BAMM;Tream;2024;audio/85.mp3
86;Abfahrt;FiNCH;2018;audio/86.mp3
87;Stereo Love (Timmy Trumpet Remix);Edward Maya;2020;audio/87.mp3
88;Rasenschach;Filow;2024;audio/88.mp3
89;Give Me Everything x Stereo Love;Luke Muzzic;2024;audio/89.mp3
90;Babylon Brennt;HBz;2024;audio/90.mp3
91;Von Party zu Party;SXTN;2017;audio/91.mp3
92;Saphir;2 Engel & Charlie;2024;audio/92.mp3
93;Toxic (Techno Version);Moonlight;2024;audio/93.mp3
94;Bauchnabelpiercing;$ONO$ CLIQ;2024;audio/94.mp3
95;Bisschen Spaß;HBz;2024;audio/95.mp3
96;SCHNAPS.;Zensery;2024;audio/96.mp3
97;Das geht ab (Wir feiern die ganze Nacht);Die Atzen;2008;audio/97.mp3
98;Call Me Maybe;Carly Rae Jepsen;2011;audio/98.mp3
99;Strobo Pop;Die Atzen;2011;audio/99.mp3
100;Undertheker;Drunken Masters;2025;audio/100.mp3
101;Das geht ab - Wir feiern die ganze Nacht [Remix];Die Atzen;2024;audio/101.mp3
102;DJ Got Us Fallin' In Love;Usher;2010;audio/102.mp3
103;Abenteuerland;FiNCH;2024;audio/103.mp3
104;Ohne mein Team;Bonez MC;2016;audio/104.mp3
105;2 FAST 2 FURIOUS;LOKIMITDERMASKE;2023;audio/105.mp3
106;Achterbahn;Helene Fischer;2017;audio/106.mp3
107;Freaks (Radio Edit);Timmy Trumpet;2014;audio/107.mp3
108;Autokorso;Filow;2024;audio/108.mp3
109;Erinner mich;HBz;2023;audio/109.mp3
110;Grüner Tee;LOKIMITDERMASKE;2019;audio/110.mp3
111;L'Amour Toujours (Hardstyle);Always Mirin;2023;audio/111.mp3
112;Lay All Your Love On Me;Lietru;2023;audio/112.mp3
113;Herz an Herz;KXXMA;2022;audio/113.mp3
114;In meinem Benz;AK AUSSERKONTROLLE;2020;audio/114.mp3
115;SUMMERTIME SADNESS (HARDSTYLE);SICK LEGEND;2022;audio/115.mp3
116;Centuries;Fall Out Boy;2014;audio/116.mp3
117;WO ICH HERKOMM;Tream;2024;audio/117.mp3
118;PALERMO;Ski Aggu;2025;audio/118.mp3
119;Roller;Apache 207;2019;audio/119.mp3
120;Durstlöscher;01099;2021;audio/120.mp3
121;Ich will;Miksu / Macloud;2023;audio/121.mp3
122;"Rhythm Is a Dancer (7"" Edit)";SNAP!;1992;audio/122.mp3
123;Sky and Sand;Paul Kalkbrenner;2008;audio/123.mp3
124;Lila Wolken;Marteria;2012;audio/124.mp3
125;9 bis 9;SIRA;2023;audio/125.mp3
126;Nachts wach;Miksu / Macloud;2022;audio/126.mp3
127;Sehnsucht;Miksu;2022;audio/127.mp3
128;Panama;GReeeN;2023;audio/128.mp3
129;Traum;CRO;2014;audio/129.mp3
130;Easy;CRO;2011;audio/130.mp3
131;PARADISE (MIT DIR);Liaze;2022;audio/131.mp3
132;We Made It;t-low;2022;audio/132.mp3
133;Sommergewitter;Pashanim;2021;audio/133.mp3
134;Geile Zeit;Juli;2004;audio/134.mp3
135;Anders;01099;2020;audio/135.mp3
136;JUNGE BALLER;6PM RECORDS;2024;audio/136.mp3
137;Monster;LUM!X;2019;audio/137.mp3
138;Somebody That I Used To Know;Gotye;2011;audio/138.mp3
139;bad bunnies;Zsá Zsá;2025;audio/139.mp3
140;AKON;Jazeek;2025;audio/140.mp3
141;Grey Goose;BANE;2025;audio/141.mp3
142;Kids;MGMT;2007;audio/142.mp3
143;Powerade;BHZ;2022;audio/143.mp3
144;Vielleicht Vielleicht (Holy Priest & elMefti Remix);MilleniumKid;2025;audio/144.mp3
145;Unendlichkeit (Remix);MilleniumKid;2023;audio/145.mp3
146;Ms. Jackson;Pashanim;2023;audio/146.mp3
147;The Days (NOTION Remix);CHRYSTAL;2024;audio/147.mp3
148;Stick Season;Noah Kahan;2022;audio/148.mp3
149;Jet Plane;Gusted;2022;audio/149.mp3
150;Blutgruppe Alkohol;ArniTheSavage;2022;audio/150.mp3
151;Summertime Sadness;Lana Del Rey;2012;audio/151.mp3
152;Dornwald;Hänsel;2023;audio/152.mp3
153;ESKALIEREN;Zensery;2023;audio/153.mp3
154;nobody (make me feel);oskar med k;2025;audio/154.mp3
155;DAS RENNEN;RIN;2020;audio/155.mp3
156;Faded;Alan Walker;2015;audio/156.mp3
157;Shabab(e)s im VIP;Pashanim;2025;audio/157.mp3
158;Hey Mama;David Guetta;2014;audio/158.mp3
159;Coco Jamboo;Mr. President;1996;audio/159.mp3
160;House Party (Airplay Edit);DJ Antoine vs. Mad Mark feat. B-Case & U-Jean;2013;audio/160.mp3
161;Play Hard [New Edit];David Guetta;2013;audio/161.mp3
162;The Bad Touch;Bloodhound Gang;1999;audio/162.mp3
163;Fiesta (Michael Mind Project Video Edit);Carlprit;2010;audio/163.mp3
164;Danza Kuduro (Version MTO);Lucenzo;2010;audio/164.mp3
165;I Love It;Icona Pop;2012;audio/165.mp3
166;Where Them Girls At;David Guetta;2011;audio/166.mp3
167;Mmm Yeah;Austin Mahone;2014;audio/167.mp3
168;Livin' la Vida Loca;Ricky Martin;1999;audio/168.mp3
169;Moulaga;Heuss L'enfoiré;2019;audio/169.mp3
170;Borderline;Ely Oaks;2025;audio/170.mp3
171;Like A G6;Far East Movement;2010;audio/171.mp3
172;Burn (Techno);Hyper Kenzo;2023;audio/172.mp3
173;Got 2 Luv U;Sean Paul;2011;audio/173.mp3
174;Hotel Room Service;Pitbull;2009;audio/174.mp3
175;Just Dance;Lady Gaga;2008;audio/175.mp3
176;Hips Don't Lie;Shakira;2006;audio/176.mp3
177;Hey Baby (Drop It to the Floor) (Radio Edit);Pitbull;2010;audio/177.mp3
178;This Is What You Came For;Calvin Harris;2016;audio/178.mp3
179;All The Things She Said (Radio Mix);Dj Gollum feat. Scarlet;2008;audio/179.mp3
180;Give Me Everything;Pitbull;2011;audio/180.mp3
181;Welcome to St. Tropez (DJ Antoine vs. Mad Mark Radio Edit);DJ Antoine;2011;audio/181.mp3
182;(When You Gonna) Give It Up to Me [Radio Version];Sean Paul;2006;audio/182.mp3
183;Rockabye;Clean Bandit;2016;audio/183.mp3
184;I Took A Pill In Ibiza (Seeb Remix);Mike Posner;2015;audio/184.mp3
185;The Days (NOTION Remix);CHRYSTAL;2024;audio/185.mp3
186;Sexy Bitch;David Guetta;2009;audio/186.mp3
187;Calvin Harris - Outside (Techno/Rave Remix - Niklas Dee x Luca-Dante Spadafora)  ft. Ellie Goulding;Luca-Dante Spadafora;2023;audio/187.mp3
188;She Doesn't Mind;Sean Paul;2011;audio/188.mp3
189;No Lie;Sean Paul;2016;audio/189.mp3
190;Tiësto & Ava Max - The Motto (TLNTLSS Remix);TLNTLSS;2022;audio/190.mp3
191;Just Dance;Lady Gaga;2008;audio/191.mp3
192;Mr. Saxobeat (Radio Edit);Alexandra Stan;2010;audio/192.mp3
193;Party Rock Anthem;LMFAO;2011;audio/193.mp3
194;Get Busy;Sean Paul;2002;audio/194.mp3
195;No Money;Galantis;2016;audio/195.mp3
196;The Motto;Tiësto;2020;audio/196.mp3
197;Scream & Shout;will.i.am;2012;audio/197.mp3
198;Hangover;Taio Cruz;2011;audio/198.mp3
199;Freed From Desire;Gala;1996;audio/199.mp3
200;Alors on danse (Radio Edit);Stromae;2009;audio/200.mp3
201;Can't Hold Us;Macklemore & Ryan Lewis;2011;audio/201.mp3
202;Good Feeling;Flo Rida;2011;audio/202.mp3
203;Not Fair;Niklas Dee;2023;audio/203.mp3
204;The Rhythm of the Night;Neptunica;2022;audio/204.mp3
205;This Is The Life;LIZOT;2023;audio/205.mp3
206;SUMMERTIME SADNESS (HARDSTYLE);SICK LEGEND;2022;audio/206.mp3
207;Everytime We Touch (Hardwell & Maurice West Remix);Cascada;2018;audio/207.mp3
208;Right Round;Flo Rida;2009;audio/208.mp3
209;Bubblegum Bitch / We Fell Apart (Hardstyle);BAKI;2024;audio/209.mp3
210;Praise The Lord (Da Shine) (Durdenhauer Edit);A$AP Rocky;2022;audio/210.mp3
211;Around The World (Techno Remix);Fyex;2023;audio/211.mp3
212;LET'S GET FKD UP;Alok;2023;audio/212.mp3
213;Summer Jam;R.I.O. feat. U-Jean;2012;audio/213.mp3
214;Titanium;David Guetta;2011;audio/214.mp3
215;Stamp On The Ground;ItaloBrothers;2009;audio/215.mp3
216;Ma Chérie (DJ Antoine & Mad Mark 2K12 Radio Edit);DJ Antoine;2010;audio/216.mp3
217;Vamos a la Playa;Loona;2010;audio/217.mp3
218;K.O.;LAVINIA;2024;audio/218.mp3
219;Timber;Pitbull;2013;audio/219.mp3
220;Belly Dancer;Imanbek;2022;audio/220.mp3
221;Around The World;Niklas Dee;2024;audio/221.mp3
222;Papaoutai;Stromae;2013;audio/222.mp3
223;TiK ToK;Kesha;2009;audio/223.mp3
224;Die Young;Ke$ha;2012;audio/224.mp3
225;Firework;Katy Perry;2010;audio/225.mp3
226;Blank Space;Taylor Swift;2014;audio/226.mp3
227;Black and Yellow;Wiz Khalifa;2010;audio/227.mp3
228;Cheap Thrills;Sia;2015;audio/228.mp3
229;Kisses;BL3SS;2024;audio/229.mp3
230;S&M;Rihanna;2010;audio/230.mp3
231;Dynamite;Taio Cruz;2010;audio/231.mp3
232;Shut Up and Dance;WALK THE MOON;2014;audio/232.mp3
233;More (RedOne Jimmy Joker Remix);Usher;2010;audio/233.mp3
234;Memories;David Guetta;2009;audio/234.mp3
235;And We Danced;Macklemore;2009;audio/235.mp3
236;Whenever, Wherever;Shakira;2001;audio/236.mp3
237;A Bar Song (Tipsy);Shaboozey;2024;audio/237.mp3
238;Crazy In Love;Beyoncé;2003;audio/238.mp3